{
  "13222437": {
    "pose": [
      0.030025294309738725,
      0.0693824978027102,
      -0.13016575504772884,
      -0.3938870061353561,
      0.008547434661345443,
      3.125201660172329
    ],
    "timestamp": 1784598573.6585317
  },
  "39379013": {
    "pose": [
      0.19564110524574535,
      0.45448597428043697,
      0.41536133654252017,
      -2.0390496919615537,
      0.017103113577024764,
      -2.486228089521667
    ],
    "timestamp": 1783991597.6599455,
    "source": "copied verbatim from droid 39379013_left; tiptop and droid agree exactly on third-person extrinsics (verified on 32439448)"
  }
}