{
  "13222437": {
    "pose": [
      0.032829662019066966,
      0.07216989944669612,
      -0.13396110787409699,
      -0.3863723932683909,
      -0.02980138969349122,
      3.1279531486965744
    ],
    "timestamp": 1784572702.5799677
  },
  "39379013": {
    "pose": [
      0.19564110524574535,
      0.45448597428043697,
      0.41536133654252017,
      -2.0390496919615537,
      0.017103113577024764,
      -2.486228089521667
    ],
    "timestamp": 1783991597.6599455,
    "source": "copied verbatim from droid 39379013_left; tiptop and droid agree exactly on third-person extrinsics (verified on 32439448)"
  }
}